RANSAC, Scene, RMSE-Global, Inliers-Global, Time-Global,RMSE-local, Inliers-local, Time-local, Time-Total
2000,1,0.00610365,27.9841,5.98146,0.00600246,29.7082,1.55634,8.05155
2000,2,0.00624992,44.8276,6.55549,0.00594334,64.7215,1.68948,8.79228
2000,3,0.00633674,25.7294,6.03931,0.00607178,27.0557,1.55852,8.12447
2000,4,0.00633964,22.9443,6.45975,0.00607285,24.6684,1.53881,8.54767
2000,5,