Real Angle, X, Y, Z, Roll, Pitch, Yawn, Error_Roll, Error_Pitch, Error_Yawn
0,-0.0149766,0.0577283,0.0116259,-12.3535,-6.14415,4.51947,12.3535,6.14415,-4.51947
22.5,-0.0152864,-0.00254606,-0.00149273,0.173934,-1.12614,0.148844,-0.173934,23.6261,-0.148844
45,-0.0255019,-0.0289296,-0.00162256,6.4965,-3.74905,-7.16633,-6.4965,48.7491,7.16633
67.5,0.0130763,-0.00436082,-0.00419644,0.653055,-29.7925,-5.68354,-0.653055,97.2925,5.68354
90,0.0149378,-0.0172572,-0.00931244,5.6292,39.7489,-4.0731,-5.6292,50.2511,4.0731
