Real Angle, X, Y, Z, Roll, Pitch, Yawn,Error_Roll, Error_Pitch, Error_Yawn
0,-0.0189053,0.0512461,-0.262879,-0,0,-0,0,0,0
22.5,0.0105124,-0.00466612,-0.249426,-0.0883499,1.50318,3.27689,0.0883499,20.9968,-3.27689
45,0.0116321,-0.00272372,-0.255077,0.522848,-0.188596,-0.36924,-0.522848,45.1886,0.36924
67.5,0.00121088,-0.00554181,-0.249091,-0.647388,-32.7524,-3.81955,0.647388,100.252,3.81955
90,-0.00299313,-0.00795051,-0.245125,0.141859,37.8097,-3.80241,-0.141859,52.1903,3.80241
