Real Angle, X, Y, Z, Roll, Pitch, Yawn, Error_Roll, Error_Pitch, Error_Yawn
0,0.115082,0.0131117,-0.0259974,-4.41084,-1.06694,-2.19008,4.41084,1.06694,2.19008
22.5,-0.0329305,-0.0342205,-0.0187824,3.4027,22.4782,-4.8694,-3.4027,0.0217552,4.8694
45,-0.0605827,-0.000872016,0.00534948,-4.48138,43.3147,0.357151,4.48138,1.68526,-0.357151
67.5,-0.0629459,0.0243961,-0.00618203,-5.29941,-22.6046,-1.02757,5.29941,90.1046,1.02757
90,-0.00868016,0.000595012,0.00149995,-3.47291,-3.18162,4.04649,3.47291,93.1816,-4.04649
