Real Angle, X, Y, Z, Roll, Pitch, Yawn,Error_Roll, Error_Pitch, Error_Yawn
0,0.00832623,-0.00980699,-0.238521,-1.01231,-29.9492,1.3726,1.01231,29.9492,-1.3726
22.5,0.00874331,-0.00501413,-0.230212,-4.18784,31.23,-4.4991,4.18784,-8.73001,4.4991
45,0.0148108,-0.00181522,-0.256468,-3.27353,54.6873,1.33774,3.27353,-9.68726,-1.33774
67.5,0.00521379,-0.0105887,-0.25055,0.343338,-8.49238,-0.0331466,-0.343338,75.9924,0.0331466
90,0.00678386,-0.0110247,-0.248627,-4.07705,-1.07703,4.34853,4.07705,91.077,-4.34853
